{
    "Account/Login": {
        "precision": 0.8966942148760331,
        "recall": 0.9041666666666667,
        "f1-score": 0.9004149377593361,
        "support": 240.0
    },
    "Billing": {
        "precision": 0.960093896713615,
        "recall": 0.9295454545454546,
        "f1-score": 0.9445727482678984,
        "support": 440.0
    },
    "General Inquiry": {
        "precision": 0.9656673114119922,
        "recall": 0.9789215686274509,
        "f1-score": 0.9722492697176242,
        "support": 2040.0
    },
    "Order/Delivery": {
        "precision": 0.9824561403508771,
        "recall": 0.9333333333333333,
        "f1-score": 0.9572649572649573,
        "support": 120.0
    },
    "Technical": {
        "precision": 0.9217391304347826,
        "recall": 0.8833333333333333,
        "f1-score": 0.902127659574468,
        "support": 240.0
    },
    "accuracy": 0.9568181818181818,
    "macro avg": {
        "precision": 0.9453301387574602,
        "recall": 0.9258600713012477,
        "f1-score": 0.9353259145168569,
        "support": 3080.0
    },
    "weighted avg": {
        "precision": 0.9567277173867389,
        "recall": 0.9568181818181818,
        "f1-score": 0.9566501745758885,
        "support": 3080.0
    }
}